{
  "activeNotes": [
    {
      "id": "1269d562-c60a-4b9c-bb0a-dc9bf98860c7",
      "content": "Other Info\r\n\r\n\r\n\r\nOleksandr's phone number for whatsapp:\r\n+380 63 519 6457\r\n\r\n\r\n\r\n494 207 903\r\njr#dsRV!4RWCBRG\r\n\r\n1 551 519 410\r\ngJ0xR1bK1cdP\r\n\r\n\r\nvps:\r\nRDP server: 65.21.118.118:80\r\nUsername: root\r\nPassword: gJ0xR1bK1cdP\r\n\r\n\r\nsupremo:\r\n974394468\r\n\r\n\r\nhttps://docs.google.com/document/d/1-sBwSXjrLoQl8Cw6nbA2a3jrQBsDLM6qUBDnGd_UUII/edit?usp=drive_link\r\n\r\n\r\nskype phone number for hessii mail:\r\n+1 209 438 4078\r\n\r\nyuriiyeskov112@outlook.com\r\nlive:.cid.66befa70b67a093a\r\nyuriiyeskov113@outlook.com\r\nyuriiyeskov112@proton.me\r\ncodebrain0318@gmail.com\r\nss proxy: http://192.168.2.13/05.pac\r\nocto account: victor97719@mail.ru  $$guess$$\r\nocto proxy:\r\n216.75.156.73:12324:14a7996a2c312:f153e65315\r\n193.22.97.172:8000:ps46952:38ogfnNvbqtPX-81UQsa\r\n\r\ninvited sniper github\r\nhttps://github.com/seniorblockchaindev/suite-marketplace-frontend\r\n\r\n\r\nYojo Tony (mail name) | Marius (skype name):\r\ngmail: yonjotony@gmail.com\r\npayoneer: zokipan6@gmail.com\r\nskype id: live:.cid.f34d0eee219b8a90\r\n\r\nrobin:\r\ncodeguy00@gmail.com\r\nlive:.cid.cb5af6c11b7c8e9c\r\n\r\nbodan smolier:\r\nstar69dream@gmail.com\r\nlive:.cid.f8b2d000e64e9d2a\r\n\r\nsniper:\r\nlive:.cid.43290f4ab35ba908\r\n+1 219 728 4979\r\n\r\nfreelancer & upwork account providers site\r\nhttps://playerup.com\r\n\r\nfreeman | upwork seller:\r\nlive:.cid.20ab814a11b25210\r\n\r\nYaroslav Faievt\r\nabydabikompan@gmail.com\r\nErtuv.57hkcdo12443\r\n\r\nphpmyadmin pass:\r\ndbs#*cUDEOaQcB8zSF\r\n\r\nMongoDB Cloud of Oleksandr:\r\nmail: develoutrast@gmail.com\r\nuser name: develoutrast\r\nmongo pass: BaBc6CEEZQMZvKqF\r\nmongo uri: mongodb+srv://develoutrast:<password>@cluster0.nkfvfsu.mongodb.net/?retryWrites=true&w=majority\r\n\r\nheroku pass: F6C/'~YyFY4qg6m\r\n\r\nJ;~/dcX*V:hA4Ti\r\n\r\n\r\nhessii12341992@gmail.com\r\n22.1.12.5.18.9.9.1.!\r\nskype: live:.cid.1b3878d8c0777312\r\ntelegram: 380501801392\r\n\r\nDmytro Smolianets:\r\ngysidev@gmail.com\r\ndfdui823!%ajK\r\nskype: Crypto Lover live:.cid.36678fa8b4af7fdd\r\nskype number: +15095604204\r\ntelegram: blockchain0322, defixing\r\ndmitrodmo@gmail.com\r\n\r\nКирилл ханько | Belarusian Upwork account seller:\r\nskype: b375298228567\r\nphone: +375298228567\r\n\r\nAlexander Didenko:\r\nskype: themrdidenko\r\nphone: +380958615089\r\ntelegram: @themrdidenko\r\nemail: themrdidenko@gmail.com\r\n\r\nAndrey | Freelancer provider\r\nskype: live:.cid.a208cc7566aabf25\r\nTelegram: @notsopeachy\r\nWhatsapp: +79537996918\r\n\r\nSergey | passport provider\r\nmail: cckazakov@gmail.com\r\nskype: live:cckazakov\r\ntelegram: @cckazakov\r\nhttps://ckazakov.xyz/\r\n\r\nJack Jackovich | service provider for dev\r\nskype: kirill-yefimov\r\nJack support\r\nskype: live:.cid.d621e58d74d29179\r\n\r\ngithub provider\r\ntelegram: @TokenValue\r\n\r\nTra quangvietdnbg | crypto converter\r\nskype: live:.cid.6484b304243b041f\r\n\r\nfiverr & upwork review: \r\nskype: live:atc.ts2018\r\nemail: atc.ts2018@gmail.com\r\nphone: +8801778984648\r\n\r\nColin | fiver & upwork review\r\nskype: live:coleenkandy7\r\ntelegram: @zappingpentester\r\nphone: +94750568968\r\n\r\nLevar Berry | freelancer client\r\nskype: levar.berry\r\nmail: levar.berry@edrivenent.com\r\nphone: +1 (513)403-1210\r\n\r\nRicardo Escobar | freelancer client\r\nSkype: cacosud1\r\nwhatspp: +18322938777\r\n\r\n\r\n\r\n\r\n\r\n\r\n\r\n",
      "creationDate": "2022-02-27T13:38:05.428Z",
      "lastModified": "2023-09-25T09:03:01.308Z"
    },
    {
      "id": "a1c53632-bf2e-4ddc-8f16-de26d6cf8b6c",
      "content": "Upwork\r\n\r\n\r\nAnatoliy Yeskov\r\nanatoliy1!\r\nSenior Software Engineer\r\nLemApp\r\nMechnykova St, 12, Odesa, Odes'ka oblast\r\nZhytomyr State Technological University\r\nBachelor of Computer Science (BCompSc)\r\nComputer science\r\nGagarinskiy R-N / Marinesko A. Ul., bld. 5\r\nappt. 153\r\nSevastopol\r\nAvtonomnaya Respublika Krym\r\n95472\r\nPhone number  +380(0692)42-98-54\r\n\r\n\r\nAnatoliy Yeskovy\r\nhessii12341992@gmail.com\r\nanatoliy1!\r\nSenior Software Engineer\r\nSmartym Pro\r\nKozlova lane 7, Minsk\r\nBelarusian National Technical University\r\nBachelor of Computer Science (BCompSc)\r\nComputer science\r\nKrupskoy Ul., bld. 8\r\nappt. 286\r\nMinsk\r\n220004\r\n+375(17)340-43-47\r\n\r\n\r\nDorian Olah\r\nhessii12341992@gmail.com\r\ndorian1!\r\nSenior Software Engineer\r\nStylers Group\r\nBudapest\r\nBudapest University of Technology and Economics\r\nBachelor of Computer Science (BCompSc)\r\nComputer science\r\nCsabai kapu 38\r\nBudapest\r\n1188\r\n+36(1) 905-7778\r\n\r\n\r\nI am having 5 years of experience with proficiency in NFT Marketplace |Smart Contract Development | Blockchain Development | ICO | Cryptocurrency | Smart Contract Audits| Public & Private Blockchain | DApps.\r\n\r\nWe evaluate, develop and maintain the blockchain and Cryptocurrency related products.\r\n\r\nOur Expertise :\r\n\r\n• NFT (Non-Fungible Token) Marketplace Development\r\n• Crypto Coins Exchange Development\r\n• ICO & IDO Development with Created Token ( Coin )\r\n• Smart-Contracts (Solidity, Truffle framework)\r\n• Smart Contracts Audits\r\n• Token development based on Ethereum and BSC (ERC20, ERC721, ERC 1155, BEP20, BEP721, BEP1155)\r\n• DLT Apps & Private Blockchain Development\r\n• Cryptocurrency Wallet Development for Linux, Windows, Mac, Web.\r\n\r\nMy goal is to keep my clients on the leading edge of information transfer technologies, adding significant value to their business.\r\n\r\nThank you for spending your valuable time on my profile.\r\n\r\n\r\n\r\n\r\n\r\n\r\nBlockchain and Cryptocurrency | DeFi | Yield Farming | NFT & More\r\n$40.00/hr\r\nBlockchain solution Architect\r\n\r\nERC-20, ERC-223, ERC-721, Smart Contract development &amp; audit \r\nCoin &amp; Wallet development \r\nBlockchain consultation and DApps based on Blockchain \r\nMLM, Investment, Casino &amp; Betting smart contracts \r\nCryptocurrency exchange (DApp or Centralized) \r\nBots for cryptocurrency to exchange Bitcoin | Ethereum | TRON | USDT |  \r\n\r\nAPI :\r\n  \r\ninrura.io, binance.com,poloniex.com, bitfinex.com,coinbase.com, kraken.com, cex.io, coinmarketcap.com,  uniswap.org, aave.com  \r\n\r\nTECH STACK :\r\n\r\nLanguage:  MEAN | MERN | Solidity | Python | Golang | Javascript | Php | Go\r\nBlockchain: Web3, Solidity, Infura, Truffle, BTC, ETH, Hyperleadger\r\nWallets &amp; Clients  MEW, Geth, Parity, Mist, Metamask, Ganache  \r\n\r\n\r\n\r\n\r\n\r\nFull Stack Blockchain/Web/App Developer\r\n$65.00/hr\r\nThanks for landing here.\r\nI am a very experienced full stack developer in many different areas of software engineering including Blockchain development, Frontend development, Backend development, Mobile App development, and more.\r\n\r\nI have expertise in the following areas\r\n✓ Creating an exchange Trading platforms with 3rd part liquidity API, Margin trading etc. like binance.com, bybit.com, or Bitmex.com\r\n✓ NFT marketplace, Defi/Dapp Development, DeFi Consulting (swaps, liquidity pools, borrowing and lending, yield farming, impermanent loss, governance tokens)\r\n✓ NFTs (ERC-721, ERC-1155, Flow, BSC, Polygon, Rarible, Opensea, Nifty, etc)\r\n✓ ICO| STO| IEO- Developing from scratch\r\n✓ Token development\r\n✓ Smart Contract (ERC20 + ERC21) and Audit (Solidity + Rust)\r\n✓ Wallet development (HOT /COLD/ETHER/P2P/ ETH WALLET)\r\n✓ Crypto Arbitrage (Flash Loan)\r\n\r\nWith my experience to create working, quality software solutions in a timely manner, I am confident I can accommodate almost any software development projects.\r\n\r\n\r\n\r\n\r\n\r\nReact / Web3 Developer\r\n$40.00/hr\r\n👍 Your satisfaction first, payment second!\r\n\r\n✅ Login any crypto wallet on any chain\r\n✅ Blockchain indexing & aggregation\r\n✅ Decentralized exchange (DEXs)\r\n✅ ERC-20 token transfer & swap\r\n✅ NFT minting & marketplace\r\n\r\n🔨 Main Tools:\r\nTypeScript / React.js / Web3.js / Ethers.js / Moralis / Tailwind CSS / Node.js\r\n\r\n💼 Senior React Developer\r\n\r\n\r\n\r\n\r\n\r\n\r\nMobile, Web and Blockchain Developer.\r\n$25.00/hr\r\n\r\nHaving 11-years of experience in Web, Mobile, and Blockchain development, which I hope you'll find helpful in your next project.\r\n\r\n\r\nMy skills:\r\n— Smart Contracts, DApp, DeFi, Dex, NFTs, Coin Integrations, ICO dashboards, Web Wallets, Mobile Wallets\r\n— Solidity, Go, Web3,\r\n— Android (Java, Kotlin, React-Native, Ionic, PhoneGap)\r\n— Front-end : Angular / React/ Bootstrap, Squarespace, Shopify\r\n— API Documentation: Swagger\r\n— Cloud hosting: AWS / DigitalOcean\r\n— DB: MySQL / PostgreSQL / Mongo\r\n— CLI tools used for Angular: Gulp, AngularCLI\r\n— Server-Side Languages: PHP, Node JS, JSP\r\n— Agile Methodologies: PivotalTracker, Assembla, Trello\r\n— Payment gateway integration: Braintree, Stripe\r\n— API integration: Facebook, Twilio, Google Maps, Twitter, Instagram.\r\n— PHP Yii, Laravel, WordPress, Magento\r\n— VCS used: Git, Bitbucket. I have been working with the git Forking model with a globally distributed team for most of the major projects\r\n\r\n\r\n\r\n\r\n\r\n\r\nBlockchain & React Web Developer\r\n$20.00/hr\r\nHi I'm Emin im a Software Developer,\r\n\r\nOn the BLOCKCHAIN Side:\r\n** I can build your NFT project (minting,selling,marketplace etc.) \"\"\r\n** I can build your TOKEN project (swap,transfer,wallet etc.) **\r\n** I can prepare your SMART CONTRACT with Solidity. **\r\n\r\nOn the WEB Side :\r\n** I can build your web sites/apps with REACT or NEXTJS **\r\n** I can build Metamask integrated projects. (with WEB3JS) **\r\n** I can build Backend server for your projects (with NODEJS) **\r\n** I can build your dApps (Decentralized applications) on Web **\r\n\r\nCheck out my previous jobs and portfolio.\r\n\r\n\r\n\r\n\r\n\r\nBlockchain Full Stack MERN Developer\r\n$65.00/hr\r\nAs a Fullstack MERN Developer, I developed React and React Native applications . I am experienced with NoSQL MongoDB and Relational Database such as Oracle, MySQL an MSSQL. I have 20 years experienced developing different applications from desktop, web and backend sytems. I use Github and is experience with Jenkins CD/CI pipelines. I am also experienced developing middleware APIs with both ExpressJS and Koa. I’ve been in the Blockchain space for the past 5 years, working with both Truffle and HardHat framework. I’ve developed ERC20 smart contracts and have worked with ERC720 and ERC1155 NFT smart contracts. I’ve integrated decentralized web applications with Metamask and Keplr wallets and I’ve developed applications interfacing with smart contracts. I’ve worked with Ethereum, Fantom, Polygon, BinanceSC, Cosmos and Secret Network. I’ve worked with DeFi protocols such as Uniswap Router V2, 0X Exchange, ZapperInOut and 1InchProtocol. I have extensive knowledge and experience to architecture a solution integrating Blockchain technology.\r\n\r\n\r\n\r\n\r\n\r\n\r\nFull Stack Ethereum Blockchain Developer\r\n$60.00/hr\r\nI develop dapps on the Ethereum blockchain! I am proficient in Web3.js, React.js, Next.js, and Solidity. I have experience building ERC721, ERC721A and ERC720 contracts and deploying front-ends to interact with the contracts.\r\n",
      "creationDate": "2021-11-19T07:12:00.262Z",
      "lastModified": "2023-07-09T15:35:13.529Z"
    },
    {
      "id": "f036f9de-a05f-494b-89ef-7775aeda4487",
      "content": "Studing\r\n\r\n\r\n\r\n\r\nhttps://dev.to/ruppysuppy/7-javascript-web-apis-to-build-futuristic-websites-you-didnt-know-38bc\r\n\r\n\r\n\r\nresume builder:\r\nhttps://app.resumebuilder.com/choose-template/\r\n\r\n\r\nimplement call on website:\r\nhttps://developers.telnyx.com/docs/v2/voice/webrtc/tutorials/quickstart/voice-sdk-quickstart/\r\nor using twilio (flex)\r\n\r\n\r\n\r\nShopping cart built with MERN & Redux\r\nhttps://www.proshopdemo.dev\r\nhttps://github.com/bradtraversy/proshop-v2\r\n\r\n\r\ndeveloper loadmap\r\nRoadmap.sh\r\n\r\n\r\nhttps://pagespeed.web.dev/\r\n\r\ndev tools:\r\nhttps://smalldev.tools/\r\n\r\nhttps://devhints.io/\r\n\r\ntailwind css:\r\nhttps://tailwindcss.com/\r\n\r\nhosting:\r\nhttps://railway.app/\r\n\r\n\r\nChartGPT AI Chat\r\nhttps://chat.openai.com\r\nhttps://poe.com/\r\nhttps://www.aichatting.net\r\nhttps://deepai.org/chat\r\n\r\nsite analysis\r\nhttps://chrome.google.com/webstore/detail/wappalyzer-technology-pro/gppongmhjkpfnbhagpmjfkannfbllamg\r\n\r\nsample site list\r\nhttps://index.woorank.com/en/reviews\r\n\r\ncode convert\r\nRay.so\r\n\r\n",
      "creationDate": "2022-06-07T21:45:56.928Z",
      "lastModified": "2023-09-27T14:55:41.834Z"
    },
    {
      "id": "268061ba-2b81-45c7-8a28-fb4e9af51cd2",
      "content": "Blockchain\r\n\r\n\r\nhttps://github.com/alchemist0404\r\n\r\n\r\n\r\n1. NFT Minting Platform\r\n✅Customers mint NFTs on the minting website.\r\nWallet : Metamask, Wallet-Connection, Trust-Wallet\r\n✅They cannot mint more than max_mint_limit. (We can remove this feature if you dont need.)\r\n✅Smart Contract has pre-reveal feature. Users cannot see real arts on Marketplace until reveal. Only smart contract's owner can reveal the NFTs. You can decide when you will reveal.\r\n✅Smart Contract has pre-sale/public sale feature. You can change the mint price in each sale as your requirement. And if you need, in pre-sale only whitelist can mint.\r\n\r\nAfter minting customers can sell/buy NFTs on Opensea.\r\n✅You can edit your collection on Opensea.\r\n- You can set the logo, featured and banner images.\r\nLogo image will also be used for navigation. 350 x 350 recommended.\r\nFeatured image will be used for featuring your collection on the homepage, category pages, or other promotional areas of OpenSea. 600 x 400 recommended.\r\nBanner image will appear at the top of your collection page. Avoid including too much text in this banner image, as the dimensions change on different devices. 1400 x 400 recommended.\r\n- Also you can edit the name, description, social links and so on.\r\n- Impotant is royalty. Collect a fee when a user re-sells an item you originally created. This is deducted from the final sale price and paid monthly to a payout address of your choosing.\r\n\r\n2. NFT Staking Platform.\r\nNFT holders get reward tokens by staking their NFTs there.\r\n✅I can make the reward tokens into reflection tokens if you need. Thus, NFT holders not only get reward tokens by staking, but also gain profits by increasing the amount by themselves if they have the reward tokens. Also, by setting a tax on the reward token, whenever users buy or sell tokens, xx% of tokens are transferred to your wallet, so you can also benefit.\r\n\r\n✅You can also add one idea. Customers who stake 5 or more can get double reward tokens.\r\n\r\nYou can use this in your marketing strategy. Customers will be very interested to say that they not only earn profit by selling NFTs on the marketplace, but also earn profit by staking. And if you stake 5 or more NFTs, you can get double reward tokens so customers will mint 5 or more NFTs. NFT staking is for selling your NFTs more and faster.\r\n\r\n✅When should you create liquidity?\r\nIt doesn't matter. You can create a liquidity at any time you want. For example, after 40% sold or 100% sold, or after the reveal,\r\n\r\n✅What should be the size of the initial liquidity?\r\nYou can decide. For example, 10% of NFT sales (typically 100 ETH)\r\n\r\n\r\n\r\n\r\n\r\nHi, thanks for your good job post.\r\nAre you looking for a NFT developer?\r\nAs a blockchain developer with rich experience, I am confident in solidity and NFT.\r\nI can develop the NFT contract, NFT minting, NFT marketplace, and NFT staking for you.\r\nSo I feel I am a great fit for your project.\r\nThank you for your time and I look forward to hearing from you soon.\r\n\r\n\r\n\r\n\r\n\r\n\r\nHi, Thanks for your good job post. As a blockchain developer with 4+ years of experience, I am competent in Solidity, RUST, Web3.js and React.js. I have already many Smart contract such as ERC20, BEP20, ERC721, ERC1155, Lottery, NFT staking, staking and farming, Pre-sale Contract on the BSC, Ethereum, Solana, Fantom, Polygon. I look forward to working on this project with you. Please confirm me, you can know my skills in short time. I can start right now and I can work on your time. Maybe, you should do many things in future. I think I can help you in future also. Best regards. Thanks again.\r\n\r\n\r\n\r\n\r\nHello. Nice to meet you.\r\nAs I am a blockchain expert, I have created various custom Nft marketplace and minting projects in various blockchain network such as etherenum, cardano and solana.\r\nI have extensive experience in Nft smart contract, IPFS and nft website working with high speed and qualitatively.\r\nIt is the height of the bid, not the height of the slill. You can test my skill in any way.\r\nI can guarantee your business smoothly with my skills and experience.\r\nI hope we will discuss more detail. Please open chat and we can start working immediately.\r\nThanks & Regards.\r\n\r\n\r\n\r\n\r\nHi, Thanks for your good job post. As a blockchain Developer, I have already completed many tasks related to the blockchain such as NFT mintable site, NFT marketable site, Defi, DEX on Ethereum/BSC/Fantom/Matic.\r\n\r\nNFT\r\nhttps://hangryhippo.io/\r\nhttps://www.zodiacfriends.io/\r\nhttps://cosmicpaws.io\r\nhttps://nightkids.io/\r\n\r\nhttps://rainship.io/\r\n\r\nhttps://spectra-nft.com\r\n\r\nDefi/DEX site\r\nhttps://potluckprotocol.com/\r\nhttps://seagull.finance/\r\n\r\nI can assure that my skills will not let you down. When you confirm me, you can know my skills. I look forward to wroking on this project with you. Best regards. Thanks again.\r\n\r\n\r\n\r\nHi, As a blockchain developer, I have 5 years of experience and I am competent in Solidity, Web3.js and React.js. \r\nI have already completed Defi/DEX sites(Include Smart Contract - ERC20, BEP20, ERC721, Lottery, Presale, etc).\r\n\r\nhttps://macncheese.app/\r\n\r\nPlease check this my past work and If you interested in me, please discuss more detail about your project. \r\nI look forward to working on this project with you. \r\nThank you.\r\nKind regards.\r\nAnatoliy.\r\n\r\n\r\nMarket place\r\nhttps://www.unic.ly/\r\nhttps://fractional.art/collections\r\nhttps://www.partybid.app/parties\r\nhttps://metavpad.com/\r\nhttps://bigtime.gg/\r\nhttps://corsacnfttest.xyz/\r\nSolana\r\nhttps://www.potbr.com/\r\nhttps://badasskangaroos.com/\r\nEthereum\r\nhttps://etczunks.com/\r\nhttps://therubberduck.io/\r\nhttps://www.powned.co/\r\nhttp://secureex.bget.ru/gg-fe/#/market\r\nhttps://www.brainiacnfts.com/\r\nhttps://supernerds.club/\r\nhttps://www.sphynxnft.com/\r\nhttps://cosmicpaws.io/\r\nhttps://roguerabbitsrabble.com/\r\nhttps://lionclub.sportsicon.co/\r\nhttps://www.secretsocietyofwhales.com/\r\nhttps://bullieverisland.com/\r\nhttps://hewerclan.com/\r\nhttps://galaxyfightclub.com\r\nhttps://beta.boojabaunga.com/\r\nhttps://desertedzebras.com\r\nhttps://cryptoetsnft.io/\r\n\r\n\r\n\r\nCHECK MY PORTFOLIO\r\n\r\nBINANCE CHAIN PROJECTS\r\nhttps://wault.finance/\r\nhttps://hyfi.pro/\r\nhttps://cubdefi.com/\r\nhttps://ellipsis.finance/\r\nhttps://bnbpulse.com/\r\n\r\nETHEREUM PROJECS\r\nhttps://defisaver.com/\r\nhttps://enzyme.finance/\r\nhttps://flexa.network/\r\n\r\nSOLANA PROJECTS\r\nhttps://raydium.io/\r\nhttps://projectlarix.com/\r\n\r\n\r\n\r\n\r\n\r\n\r\n\r\nHello There,\r\n\r\nI'd really like to work with you on this one if possible!\r\n\r\nPredominantly, we are BLOCKCHAIN solutions offering firm with 8+ years of success ratio\r\n\r\nWe have expertise in Blockchain projects like NFT MARKETPLACE/MINTING SITE DEVELOPMENT, SMART CONTRACT DEVELOPMENT, STAKING CONTRACT, SOLIDITY PROGRAMMING LANGUAGE, So I'm pretty familiar with what you need.\r\n\r\n==============\r\nIf you take a look of OUR PREVIOUS WORKS and feel that we could help you.\r\n\r\nNFT MINTING SITE:\r\n\r\nhttp://angrypumpkin.osiztech.com/ [ NFT MINTING SITE ON ETHEREUM BLOCKCHAIN NETWORK ]\r\n\r\nhttp://nftmint.osiztech.com [ NFT MINTING SITE ON ETHEREUM BLOCKCHAIN NETWORK ]\r\n\r\n==================\r\n\r\nNFT MARKETPLACE:\r\n\r\nhttp://risunft.osiztechnologies.in/ [ NFT MARKETPLACE ON TEZOS AND ETHEREUM BLOCKCHAIN NETWORK ]\r\n\r\nhttps://dirtypunk.osiztechnologies.in/ [ NFT MARKETPLACE ON ETHEREUM BLOCKCHAIN NETWORK ]\r\n\r\nhttp://menta.osiztechnologies.in [ NFT MARKETPLACE ON ETHEREUM BLOCKCHAIN NETWORK ]\r\n\r\nNOTE: LIVE SITE: http://marketplace.nfttone.io/ [ NFT MUSIC MARKETPLACE ON BSC NETWORK ]\r\n\r\n==================\r\n\r\nNFT SMART CONTRACTS:\r\n\r\nSTAKING CONTRACT:\r\n\r\nhttps://testnet.bscscan.com/address/0xd19eacbfe40edd8048366df080b511d4a899307a#code\r\n\r\nNFT MINTING CONTRACT:\r\n\r\nhttps://etherscan.io/address/0x18765ee2ab5d2ab4adf27f4209cb25b89372d61d\r\n\r\nGOVERNANCE CONTRACT:\r\n\r\nhttps://polygonscan.com/address/0xc9cf8dc65a1d9b97e25aef519b69eac43de711c1#code\r\n\r\nhttps://mumbai.polygonscan.com/address/0x43c5e074b261fbef5958953e67b4b2f36cad5830#code\r\n\r\nERC20:-\r\n\r\nhttps://mumbai.polygonscan.com/address/0xBFf8321D28f08aE235D03C53030cA2be577CAA01#code\r\n\r\nERC1155:\r\n\r\nhttps://testnet.bscscan.com/address/0x3C53a533D4C690f6f2Eeef44F804EF4Ad105301D#code\r\n\r\nERC1155 :\r\n\r\nhttps://etherscan.io/address/0x6e57138f4a8a9ba265a5f59896e80d4b13b81b51\r\n\r\nERC721:\r\n\r\nhttps://mumbai.polygonscan.com/address/0xC83A66AfC5C7e99131A3EB7cbB97D37b11f188D2#code\r\n==================\r\n\r\nYou'll get all the expected stuff like great PROFESSIONAL SERVICE!!!\r\n\r\nIf the above offer sounds like something good then we could join hands to proceed further. Will be waiting to hear from you.\r\n\r\nRegards,\r\nPriya\r\n\r\n\r\n\r\n\r\n\r\nDear Hiring Manager,\r\nWish you a very good day.\r\nIn response to your latest job posting on upwork I am here to apply for the post of web3 blockchain developer position.\r\nI have an excellent background as a blockchain & web developer along with my academic education in computer science and technology.\r\nThe experience and my academic education have provided me with some outstanding and technical skills.\r\nFurthermore, I have the excellence of creating upstanding smart contract. I firmly believe that these qualities make me different from the rest of the contestants I would like to inform you also that I am highly skilled with solidity, Rust, NFT, and web3 as I have a handsome experience over it.\r\nStill I am always  learn a new and make my skill sharper whenever I get any chance.\r\nMy recruiters are always delighted with my creativity, hardworking and stamina.\r\nFor why, I believe myself to be the best candidate and a great asset to your project.\r\nThank you for taking time reviewing the letter.\r\nI'll look forward to hearing from you for further process.\r\nThank you,\r\nAliaksandr.\r\n\r\n\r\n\r\n\r\nICO website(pre-sale):\r\nhttps://presale.nengames.com/\r\nhttps://app.highlord.io/\r\n",
      "creationDate": "2021-10-23T11:39:53.493Z",
      "lastModified": "2023-07-17T08:51:28.219Z"
    },
    {
      "id": "a1d3fd62-eb9b-4996-8b7e-d71e6c3c8c67",
      "content": "General\r\n\r\n\r\n\r\n\r\nI am a Full Stack Developer with 6 years of experience in web development.\r\n\r\nMy main value offered is quality.\r\nI approach any issue with a strong sense of responsibility and do the work entrusted to me to the best of my ability.\r\nTrusting me you will gain the reliability and guarantee for your project and will perform confidently among your competitors.\r\nI take responsibility for any issues that may arise during the project and make sure that work is done to the best of my ability.\r\n\r\nMy Skills:\r\n- React, Next, Angular, Vue, Nuxt\r\n- Node, PHP, JSP, ASP, Express\r\n- TypeScript, JavaScript\r\n- Laravel, CodeIgniter, Zend, Yii\r\n- MySQL, MongoDB, SQLite\r\n- Git, Bitbucket\r\n\r\nMy abilities:\r\n- 40+ hours per week and available to start work immediately\r\n- Fast response and clear communication\r\n- 100 % satisfaction guaranteed\r\n- Continued support after the delivery of the final product\r\n\r\nLooking forward to building long-term relationships with clients.\r\n\r\n\r\n\r\n\r\nDear Hiring Manager,\r\nWish you a very good day.\r\nIn response to your latest job posting on upwork I am here to apply for the post of Front-End Developer position. I have an excellent background as a Web Developer along with my academic education in Computer Science and Technology. The experience and my academic education have provided me with some outstanding and technical skills.\r\nFurthermore, I have the excellence of creating upstanding design of novelty. I firmly believe that these qualities make me different from the rest of the contestants. I would like to inform you also that I am highly skilled with React, HTML/CSS, JavaScript, PHP, and Git/AWS as I have a handsome experience over it. Still I am always eager to learn anew and make my skill sharper whenever I get any chance.\r\nAbove the beyond, I have a great passion for mobile and browser game development technology as well. I have worked with some mobile companies and enjoyed the work a lot. My recruiters are always delighted with my creativity, hardworking and stamina.\r\nFor why, I believe myself to be the best candidate and a great asset to your project.\r\nI’ll look forward to hearing from you for further process.\r\nThanking you,\r\nPatrik.\r\n\r\n\r\n\r\nHi client.\r\nIn response to your job posting on Upwork, I am here to apply for the post of Front-End Developer position.\r\nI have an excellent background as a Web Developer along with my academic education in Computer Science and Technology. The experience and my academic education have provided me with some outstanding technical skills.\r\nFurthermore, I have excellence in creating the upstanding design of novelty.\r\nI firmly believe that these qualities make me different from the rest of the contestants.\r\nI would like to inform you also that I am highly skilled with React, HTML/CSS, JavaScript, PHP, and Git/AWS as I have a handsome experience with them.\r\nStill, I am always eager to learn new and make my skills sharper whenever I get any chance.\r\nThank you for taking the time to review the letter.\r\nI'll look forward to hearing from you for further process.\r\nThank you.\r\nYurii.\r\n\r\n\r\n\r\nDear, client. I have researched your details, so I realized perfectly what I can do for your project. \r\nI have finished similar to your project a few times. \r\nIf you hire me, I will do my best for you and give you a satisfactory result. \r\n\r\nMy Skills: \r\n- PHP, NodeJS, Express, Laravel, Django, Codeigniter, ZendFramework, Drupal. \r\n- CMS: WordPress, Shopify, Magento,Joomla, Drupal. \r\n- Front End programming: Angular, React.js, Vue.js \r\n- HTML 5, CSS 3, Canvas, Bootstrap, Javascript, Python. \r\n- C, C++, Java, Python, MATLAB\r\n- MySQL, MongoDB, PostgreSQL, Database Programming.\r\n- Online Stores: Shopify, WooCommerce, Opencart, Magento. Please contact with me. \r\nThank you.\r\n\r\n\r\n\r\n\r\nI have you project details carefully and I think I'm a person who you are looking for.\r\nI am a expert in javascript and javascript frameworks(angular, react, vue) and I have ever been developed simillar task.\r\nI can work full time with your timezone.\r\nPlease ping me so that we can discuss more detail.\r\nBest regards.\r\n\r\n\r\n\r\nHi there, I read your requirements carefully and I am willing to start this now on. \r\nYou can check my clients positive response in my profile. \r\nAll of my clients never remained unsatisfied with my works. \r\nMy Main Skills Are: \r\n-Custom PHP -HTML/CSS -JavaScript -Wordpress -Laravel -Web Designing Etc. \r\nPast work will be provided in chat if needed. \r\nI am Waiting for your response so we will discuss it more and then start this. \r\nThanks & Regards\r\n\r\n\r\n\r\n\r\nDear Client. I have experience Website development for 6+ years. \r\nI am a high skilled full stack developer. \r\nI am a pixel-perfect front end developer.Also, \r\nI know well about php, Wordpress, CSS, javascript, jquery plugin, Sass, MVC, google google analytic, data analytic, php frameworks. \r\nMy availability.\r\n\t - 40 + hours per week. \r\n\t- Full time communication. \r\n\t- Git and Bitbucket. \r\nI am ready to discuss with you. \r\nRegards.",
      "creationDate": "2021-08-26T00:15:32.045Z",
      "lastModified": "2023-08-09T19:40:32.305Z"
    },
    {
      "id": "995dd5e8-0adf-406c-a287-a9a0b1d2ab57",
      "content": "BigCommerce\r\n\r\nhttps://rededition.com/en/- The website is built on WordPress with WooCommerce, and it features a clean and minimalistic design with easy navigation and a secure checkout process.\r\nhttps://www.warbyparker.com/ - an e-commerce website for prescription glasses and sunglasses, built using HTML, CSS, and JavaScript.\r\nhttps://oxwhite.com/ - A Shopify store that sells clothing, home, and lifestyle products (Achieved a 15% increase in revenue by optimizing product descriptions and implementing social proof elements such as customer reviews and ratings)\r\nhttps://www.nutpods.com/ - A Shopify website selling creamers for coffee and tea (Improved mobile conversions by 25% and desktop conversions by 20% by optimizing the mobile experience and simplifying the checkout process)\r\nhttps://dribbble.com/Rhino-digital - our developments and designs portfolio\r\n\r\nhttps://www.tnnursery.net/\r\nhttps://www.overnighturns.com/\r\nhttps://www.jasboutique.co.uk/ //////////////\r\n\r\n1) https://pureaqua.com/\r\n2) https://cleanguards.com/\r\n3) https://wholesaleschoolsupplies.com/\r\n4) https://larrabeesfurniture.com/\r\n5) https://www.premiumvials.com/\r\n6) https://www.adlsupply.com/\r\n7) https://outbackyarns.co.uk/\r\n8) https://www.motocomposites.com/\r\n9) https://joyswag.com/\r\n10) http://www.sourcefy.com/\r\n11) http://premiertrampolines.com.au/\r\n12) https://favoronline.com/\r\n13) https://furnitureforbacks.com.au/\r\n14) https://klughairlounge.co.uk/\r\n\r\nMy skills are:\r\n\r\n★ Bigcommerce store design & theme customization\r\n★ Bigcommerce store setup\r\n★WordPress,Squarespace\r\n★ Template customization & layout changes\r\n★ PSD to Bigcommerce Stencil Theme\r\n★ Shopify store design & theme customization\r\n★ Shopify custom template\r\n★ Magento custom template\r\n★ WordPress custom template\r\n★ OpenCart theme customization\r\n★ PSD to HTML\r\n★ Twitter Bootstrap,Responsive Design\r\n★ JavaScript ,JQuery ,HTML, HTML5 ,CSS3 ,Ajax,PHP\r\n★ Cross browser compatible fixes\r\n★ Maintenance\r\n★ Data Entry\r\n★ PHP Application from scratch\r\n★ Adobe Photoshop CS3\r\n\r\n\r\nhttps://docs.google.com/document/d/1OjCXe0po-868VlZptxNr2yu556X3zlwqYZ0rYIjOFKo/edit?pli=1\r\n\r\n\r\n1) Fully responsive layout,\r\n2) Stencil theme development,\r\n3) Custom theme,\r\n4) Custom shopping cart drop-down,\r\n5) Custom Home page design,\r\n6) Custom product page design,\r\n7) Custom category page design,\r\n8) Custom Navigation,\r\n9) Mega Menu,\r\n10) Call to action Buttons,\r\n11) Home page newsletter, age verification popups,\r\n12) Background Changes,\r\n13) Font and color Changes,\r\n14) Custom Forms,\r\n15) Bigcommerce APIs and custom payment gateways\r\n16) Integration with salesforce, infusionsoft etc.,\r\n17) Data migration,\r\n18) Bulk product and product images upload.",
      "creationDate": "2023-07-12T12:10:54.054Z",
      "lastModified": "2023-07-12T13:08:03.959Z"
    },
    {
      "id": "08332900-bcc4-4eeb-9a09-64b428eb6784",
      "content": "Experience for fake\r\n\r\n\r\n\r\n\r\n\r\nBlockchain ExpertTrendLine Global\r\nFeb 2020 - Oct 2021 (1 year, 8 months)\r\n• Researched blockchain technology, smart contracts, and cryptocurrency exchange systems.\r\n• Developed smart contracts on Ethereum and EOS.\r\n• Configured and deployed a cryptocurrencies exchange named Peatio, along with all its many dependencies.\r\n• Configured and deployed private Bitcoin, Ethereum, EOS, and XRP networks.\r\n• Containerized each service using Kubernetes.\r\nTechnologies: Git, EOS, Ethereum, Bitcoin, Haskel, Solidity, Redis, Ruby on Rails (RoR), Rust\r\n\r\n\r\nFrontend EngineerJSN\r\nFeb 2019 - Dec 2019 (10 months, 4 days)\r\n• Lead in implementing style guide on Angular powered frontend portal. Built a suite of reusable Angular directives and a set of Sass utility functions.\r\n• Lead and developed a React powered consumer web application within 2 months from scratch.\r\n\r\nTechnology used:\r\n• Frontend: React Native, React, React Router, Redux, Redux Saga, webpack, AngularJS, CSS, SCSS\r\n• Backend: Java Play Framework, Lombok, Jackson, MySQL\r\n• Tools: Git, Jira, Bamboo, BitBucket\r\n\r\n\r\nGame DeveloperMobiDev\r\nJan 2017 - Oct 2018 (1 year, 9 months)\r\n• UE4 Full Modding Support (subclasses of 'Blueprint')\r\n• Custom Saving / Loading Systems in UE4 and Unity\r\n• Steamworks integration for Desktop in UE4 and Unity\r\n• Multiplayer / Lobby systems in UE4 (via BP Replication)\r\n• Advanced AI Systems in UE4 and Unity\r\n• Complete Desktop Level Editor in UE4\r\n• Complete Mobile Level Editor in Unity\r\n• and Much More!\r\n\r\n\r\nEducation\r\n\r\nBachelor of Software Engineering\r\nHarkivs'ka Deržavna Akademija, Ukraine\r\n2012 - 2016\r\n(4 years)",
      "creationDate": "2023-07-17T08:54:28.476Z",
      "lastModified": "2023-07-17T08:55:08.287Z"
    },
    {
      "id": "7826321a-8eed-48e4-80c6-ceda3a012877",
      "content": "Past work\r\n\r\n\r\n\r\nhttps://bryant.dental : the most modern dental product store website\r\nhttps://holidu.com : vacation\r\nhttps://getcourse.ru  : online school\r\n\r\n\r\nPHP:\r\nhttps://fasttrade24.com\r\n\r\n\r\nReact:\r\nhttps://wookai.com : Wookai offers a business an efficient, user-friendly, self-maintainable, unbiased, online, software solution that assimilates individual stock item prices across its entire supply chain.\r\nhttps://silluron.com : tech company\r\nhttps://www.bethrishon.org : an egalitarian Jewish community of open minds and hearts.\r\n\r\nAngular:\r\nhttps://www.ellementry.com : Ellementry is a brand that specialises in simple luxury through handcrafted homeware products.\r\nhttps://fortmesa.com : FortMesa powers organisations and MSPs, MSSPs, VCISOs and Cybersecurity Consultants to build and deliver cybersecurity programs that comply with industry standards as NIST, CIS, ISO, SOC2, CMMC, FedRAMP, CJIS, HIPAA, and more.\r\n\r\nLaravel:\r\nhttps://www.thermalspraygun.com : \r\n\r\nTailwind CSS:\r\nhttps://corporaciongtl.com\r\nhttps://perbenpainting.com\r\nhttps://melvinho.com\r\nhttps://yachtsaleswest.com\r\n\r\nGSAP:\r\nhttps://funko.com : toys and shopping\r\n\r\n\r\nnext: https://next-test-tau-five.vercel.app/\r\n\r\nnode, express, mongo, react:\r\nhttps://www.welikestartup.com/\r\nhttps://www.chartguys.com/ \r\n\r\n\r\nShopping cart built with MERN & Redux\r\nhttps://www.proshopdemo.dev\r\nhttps://github.com/bradtraversy/proshop-v2\r\n",
      "creationDate": "2023-07-17T08:55:38.957Z",
      "lastModified": "2023-08-11T09:09:05.027Z"
    },
    {
      "id": "ddfed466-5931-4255-9820-62ccde4aac15",
      "content": "Oleksandr Filatov's Personal Info\r\n\r\n\r\n\r\n\r\n\r\nFreelancer account Info:\r\nName: Oleksandr Filatov\r\nAnydesk\r\nLogin: 1123130014\r\nPassword: 9UGx8X6rs32221\r\nTeamviewer\r\nId: 1 993 009 805\r\nPassword: valeriiavaleriia1!\r\nGmail:\r\ndeveloutrast@gmail.com\r\nG.69pssy1243\r\nPayoneer pass:\r\nG.69pssy1243 *** changed\r\nsecret key:\r\nvaleriia\r\nFreelancer pass:\r\nG.69pssy\r\nstreet Kamianetska, building 110, Khmelnytskyi City, Khmelnytska State, 29001, Ukraine\r\nNational Technical University of Ukraine 'Igor Sikorsky Kyiv Polytechnic Institute', Ukraine\r\nWeb developer\r\nDataArt\r\nJan 2014 - Jul 2018 (4 years, 6 months)\r\nJavascript, Typescript, Ruby\r\nSenior Web developer\r\nEPAM\r\nAug 2018 - Jun 2023 (4 years, 10 months)\r\nJavascript, Typescript, Ruby, React, Vue, Node, Ruby on Rails\r\nBachelor of Software Engineering\r\nNational Technical University of Ukraine 'Igor Sikorsky Kyiv Polytechnic Institute', Ukraine\r\n2008 - 2013 (5 years)\r\n2008-2013\r\nPortfolio: https://oleksandrfilatov.github.io/\r\ngithub name: OleksandrFilatov\r\nIP address:\r\n176.36.52.128\r\nlogin user: User\r\nlogin pass: Qwerty1!\r\nphone: +380671801871\r\nwhatsapp number: +380 63 519 6457\r\nImportant! Our terms and help: https://docs.google.com/document/d/1TXg-M5z_Zzh1KX5N0Cc1qMQW8j_AXfmlsBaMHaQBzdE/\r\nPayment date: 5th of each month.\r\n\r\n\r\n\r\n\r\nOleksandr's profile on freelancer\r\n\r\nProfessional Full Stack Web & Mobile App Developer\r\n$30 USD / hour\r\nI have been part of & delivered 100+ successful projects including web & mobile apps, within 9+ years of my career span.\r\n\r\n✔️ 9+ years in Web Development (front-end, back-end, Laravel, Nodejs, Magento, Shopify, WordPress)\r\n✔️ 5+ years in Mobile Development (Ionic || React Native)\r\n✔️ Expert in JavaScript, HTML5/CSS3, Angular, Ionic, React, Nodejs, Laravel, PHP & Frameworks.\r\n\r\nI have delivered projects involving web & mobile systems which involved wide range of tech stacks mentioned below.\r\n\r\nBack-end & Front-end.\r\n\r\n✔️ Server side - NodeJS, Express.js, Laravel, CorePHP\r\n✔️ NodeJS template engine, NodeJS Modules\r\n✔️ Webservices - RESTful API, XML, RSS, SOAP, JSON, WSDL\r\n✔️ Database - MongoDB, MySQL, SQLite, Mongoose, PostgreSQL\r\n✔️ Front-end - HTML5/CSS3, React, Redux, MobX, Vue, Next, Nuxt, Angular, Material UI, Bootstrap, Tailwind CSS\r\n\r\nPHP Opensource\r\n\r\n✔️ WordPress\r\n✔️ Shopify\r\n✔️ Laravel\r\n\r\n\r\nI APPROACH ANY ISSUE WITH A STRONG SENSE OF RESPONSIBILITY AND DO THE WORK ENTRUSTED TO ME TO THE BEST OF OUR ABILITY.\r\n\r\n\r\nThanks for taking your time to read my profile. I'm looking forward to working with high-quality product designers and creating some great apps together.",
      "creationDate": "2023-07-17T08:57:30.719Z",
      "lastModified": "2023-09-25T09:03:26.226Z"
    },
    {
      "id": "0680dc94-367d-4c75-9ad0-281ff4c4e797",
      "content": "Oleh Hutsol's Personal Info\r\n\r\n\r\n\r\n\r\n\r\nFull name: Oleh Hutsol\r\nbirthday: 1977-02-14    record no: 06793\r\nmail: oleh.hutsol@outlook.com\r\nmail pass & upwork pass & payoneer pass: !!changed\r\nmother's name for security key on upwork: valeriia\r\npayoneer secret questions: 1111\r\nphone: +380 996517726\r\naddress: Ukraine, reg. Khmelnytska, district. Kamianets-Podilskyi, town. Boryshkivtsi, st. Radhospna, buil. 4\r\n\r\n\r\n\r\nWork Experience:\r\nSenior Full Stack Developer && Data Specialist | SoftServe\r\nSeptember 2016 - December 2022\r\nWeb Developer | DataArt\r\nMay 2012 - April 2016\r\n\r\n\r\n\r\nEducation History:\r\nNational Technical University of Ukraine \"Kyiv Polytechnic Institute\"\r\nBachelor of Computer Science (BCompSc) of Computer science\r\n2008 - 2012\r\n\r\nskills:\r\nReact, Angular, Vue.js, Node.js, JavaScript, HTML, MongoDB, CSS, WordPress, Shopify, Ecommerce, Tailwind CSS, Solidity, Smart Contract, web3.js\r\n\r\n\r\n\r\nOleh Hutsol's profile on Upwork\r\n\r\nFull Stack Dev | React & Angular & Vue & Node & Laravel & PHP\r\n\r\nHello,\r\nI have been working in Web Development for over 10 years.\r\n\r\nI take responsibility for any issues that may arise during the project and make sure that work is done to the best of our ability.\r\n\r\nMy Skills include:\r\n- Frontend skills:\r\nReact, Angular, Vue, JavaScript/TypeScript, HTML, CSS\r\n- Backend skills:\r\nPHP, Node, Express, Laravel, Python\r\n- Database skills:\r\nMongoDB, MySQL, PostgreSQL, SQLite\r\n- Blockchain skills:\r\nEthereum, BNB, Solana, Solidity, Rust, Smart Contract, Web3\r\n- CMS skills:\r\nWordPress (Elementor, Divi), Shopify, Ecommerce, WooCommerce, BigCommerce\r\n\r\nMy Services:\r\n- 40+ hours per week and available to start work immediately\r\n- Fast response and clear communication\r\n- 100 % satisfaction guaranteed\r\n- Continued support after the delivery of the final product\r\n\r\nTrusting me you will gain the reliability and guarantee for your project and will perform confidently among your competitors.\r\n\r\nLooking forward to building long-term relationships with you.\r\nThanks.\r\n\r\n\r\n\r\n",
      "creationDate": "2023-07-24T17:20:00.685Z",
      "lastModified": "2023-07-31T20:20:45.795Z"
    },
    {
      "id": "ebccef63-b225-42ed-9811-529e2f6e06a2",
      "content": "Work\r\n\r\n\r\nCTO: Farrukh\r\nJawad Ahmed\r\nlive:bf497928cd56ae26\r\nhttps://join.skype.com/NJ5ArBoEXVVV\r\n\r\nKariuki Thande\r\n\r\n* Twilio recovery code:\r\nD_49JmOHlLAjeaJ1mO6hajSDFZTRyOIbht3TwMW4\r\n\r\nTwilio console\r\nAccount SID: AC2156aea384140464eb4e93243dd6cf83\r\nAuth Token: ffb2e4c9258b47a8071954ac31a01820\r\nMy Twilio phone numer: +18668346819\r\n\r\nTwilio console\r\nAccount SID: AC8216ab9f290fc7f8ce2076f31f98fe23\r\nAuth Token: b7933924a243aedcb01e8b2c11bc294b\r\nMy Twilio phone numer: +18889213589\r\n\r\n\r\nfirst_flex\r\nhttps://www.twilio.com/console/runtime/api-keys/SKe3cd985da40645bac783c90410150bab\r\n\r\nLead Orchard Call Center  api\r\nSKe6ccc2eff75ae79ed6c77c1b00be773f\r\n\r\n\r\n\r\njetbrain info for phpstorm:\r\nyuriiyeskov112\r\n38ogfnNvbqtPX\r\n\r\n\r\n\r\nMurad project\r\nhttps://www.fasttrade24.com:2087/\r\nhKP#HGy550ub\r\nroot\r\nserver: https://fasttrade24.com:2083/\r\nfasttrade24\r\nZ!J(*9,YdAM+\r\nsite access: https://www.fasttrade24.com/admin\r\nadmin@admin.com\r\n123456789\r\nsupplier access: https://fasttrade24.com/supplier/login\r\nberatkarabusra@gmail.com\r\n123456789\r\n\r\nms_merdan@hotmail.com\r\n\r\n\r\n\r\n\r\nDaniel project\r\nsuite CRM\r\n\r\nadmin\r\n\r\nadmin\r\ndbs#*cUDEOaQcB8zSF\r\n\r\nserver ip:  34.29.167.95\r\nurl: crm.jcxconstruction.ca\r\nusername: oleksandr\r\npass: Development123!\r\nmysql db: username root host localhost pass daniel123!\r\n\r\n\r\n\r\n\r\nneeded skills\r\nphp, css, react, javascript\r\n\r\n\r\nhttps://mongoplayground.net/p/1YGvgdMp89H\r\nhttps://mongoplayground.net/p/csycXwJH1qL\r\nhttps://mongoplayground.net/p/gIsszon6Cp9",
      "creationDate": "2023-07-26T02:10:39.269Z",
      "lastModified": "2023-08-27T20:53:46.594Z"
    }
  ],
  "trashedNotes": []
}